{
  "mealTime": [
    {
      "id": "1",
      "label": "At meal time",
      "value": "At meal time"
    },
    {
      "id": "2",
      "label": "5 minutes before meal",
      "value": "5 minutes before meal"
    },
    {
      "id": "3",
      "label": "10 minutes before meal",
      "value": "10 minutes before meal"
    },
    {
      "id": "4",
      "label": "15 minutes before meal",
      "value": "15 minutes before meal"
    },
    {
      "id": "5",
      "label": "30 minutes before meal",
      "value": "30 minutes before meal"
    }
  ],
  "waterIntake": [
    {
      "id": "1",
      "label": "Enable",
      "value": "Enable"
    },
    {
      "id": "2",
      "label": "Disable for today",
      "value": "Disable for today"
    },
    {
      "id": "3",
      "label": "Disable",
      "value": "Disable"
    }
  ],
  "heightUnit": [
    {
      "id": "1",
      "label": "centimeters",
      "value": "centimeters"
    },
    {
      "id": 2,
      "label": "foot and inch",
      "value": "foot and inch"
    }
  ],
  "weightUnit": [
    {
      "id": "1",
      "label": "Kilogram",
      "value": "Kilogram"
    },
    {
      "id": "2",
      "label": "Pound",
      "value": "Pound"
    },
    {
      "id": "3",
      "label": "Stone",
      "value": "Stone"
    }
  ],
  "volumeUnit": [
    {
      "id": "1",
      "label": "Liter",
      "value": "Liter"
    },
    {
      "id": "2",
      "label": "Fluid ounce",
      "value": "Fluid ounce"
    }
  ],
  "energyUnit": [
    {
      "id": "1",
      "label": "Kilocalorie",
      "value": "Kilocalorie"
    },
    {
      "id": "2",
      "label": "Kilojoule",
      "value": "Kilojoule"
    }
  ],
  "distanceUnit": [
    {
      "id": "1",
      "label": "Kilometer",
      "value": "Kilometer"
    },
    {
      "id": "2",
      "label": "Mile",
      "value": "Mile"
    }
  ],
  "container": [
    {
      "id": "1",
      "label": "1 glass [200mL]",
      "value": "1 glass [200mL]"
    },
    {
      "id": "2",
      "label": "1 bottel [330mL]",
      "value": "1 bottel [330mL]"
    },
    {
      "id": "3",
      "label": "1 bottel [500mL]",
      "value": "1 bottel [500mL]"
    }
  ]
}
